Model,Accuracy,Precision,Recall,F1,AUC-ROC,Orig Accuracy,Delta
LSTM-Autoencoder,0.9221703178694158,0.9124360884093563,0.9690439541645288,0.9398884442324839,0.9769925858304515,0.9695881787412256,-0.04741786087180977
Conv-Autoencoder,0.6277254374158816,0.6277254374158816,1.0,0.7712915495286919,0.9758831200723314,0.9939078653762362,-0.3661824279603546
