Model,Accuracy,Precision,Recall,F1,AUC-ROC,Orig Accuracy,Delta
LSTM-Autoencoder,0.9393383639214399,0.9465908314168726,0.9752653668565457,0.9607141838127063,0.9820625485954874,0.9695881787412256,-0.030249814819785725
Conv-Autoencoder,0.7604022747058085,0.7604022747058085,1.0,0.8638960374359707,0.9809833993763523,0.9939078653762362,-0.23350559067042775
