{
  "model": "CNN-Transformer",
  "dataset": "new_multiclass_eval_quick",
  "task": "multiclass",
  "quick_mode": true,
  "num_samples": 108,
  "num_classes": 18,
  "accuracy": 0.8888888888888888,
  "balanced_accuracy": 0.8888888888888888,
  "f1_weighted": 0.8611111111111112,
  "f1_macro": 0.8611111111111112,
  "precision_weighted": 0.8518518518518519,
  "recall_weighted": 0.8888888888888888,
  "per_class_f1": {
    "0": 0.5,
    "1": 1.0,
    "2": 1.0,
    "4": 1.0,
    "5": 1.0,
    "6": 1.0,
    "7": 1.0,
    "8": 1.0,
    "10": 1.0,
    "11": 1.0,
    "12": 1.0,
    "13": 1.0,
    "14": 1.0,
    "16": 1.0,
    "17": 0.0,
    "18": 1.0,
    "19": 1.0,
    "20": 0.0
  },
  "comparison_with_original": {
    "accuracy_delta": -0.10307925051035294,
    "f1_weighted_delta": -0.1308629326887274,
    "original_accuracy": 0.9919681393992418,
    "original_f1_weighted": 0.9919740437998386
  }
}