{
  "model": "CNN-Transformer",
  "task": "multiclass",
  "quick_mode": false,
  "train_fraction": 1.0,
  "train_samples": 795600,
  "val_samples": 397800,
  "test_samples": 2743200,
  "best_epoch": 16,
  "best_val_loss": 0.03723019244253613,
  "accuracy": 0.9919681393992418,
  "balanced_accuracy": 0.9919681393992418,
  "f1_weighted": 0.9919740437998386,
  "f1_macro": 0.9919740437998387,
  "precision_weighted": 0.9921100178887403,
  "recall_weighted": 0.9919681393992418,
  "per_class_f1": {
    "0": 0.97104848836394,
    "1": 0.9996753001833406,
    "2": 0.9999409483691908,
    "4": 0.999917985729517,
    "5": 0.9922714813102671,
    "6": 0.9999540661316465,
    "7": 0.9999147054385125,
    "8": 0.9972563717156866,
    "10": 0.993652173340445,
    "11": 0.9996816655782036,
    "12": 0.9688724530586327,
    "13": 0.9886171531612757,
    "14": 1.0,
    "16": 0.9987596716082925,
    "17": 0.9951837252652239,
    "18": 0.957191075438853,
    "19": 0.9996817741909027,
    "20": 0.993913749513166
  },
  "hyperparameters": {
    "sequence_length": 39,
    "conv_filters": 32,
    "kernel_size": 3,
    "nhead": 4,
    "d_model": 32,
    "num_encoder_layers": 1,
    "dim_feedforward": 128,
    "dropout": 0.23972907111136696,
    "learning_rate": 0.0024057445341724394,
    "batch_size": 32
  },
  "epochs_trained": 26,
  "training_time_seconds": 4053.3425035476685,
  "total_runtime_seconds": 4199.941584348679,
  "random_seed": 42
}