{
  "model": "CNN-Transformer",
  "dataset": "new_multiclass_eval",
  "task": "multiclass",
  "quick_mode": false,
  "num_samples": 1875615,
  "num_classes": 18,
  "accuracy": 0.9957405970841564,
  "balanced_accuracy": 0.9944307623569303,
  "f1_weighted": 0.9957773804084751,
  "f1_macro": 0.9952786847851675,
  "precision_weighted": 0.9959638967274159,
  "recall_weighted": 0.9957405970841564,
  "per_class_f1": {
    "0": 0.9688454645216235,
    "1": 0.9998602192810029,
    "2": 0.9999257372759559,
    "4": 0.9997685114412128,
    "5": 0.9992753117032794,
    "6": 1.0,
    "7": 0.9999956312991206,
    "8": 0.9974662273043546,
    "10": 0.9952839914541538,
    "11": 0.9995017264740592,
    "12": 0.9994523706585964,
    "13": 0.9918231727522681,
    "14": 1.0,
    "16": 0.9990030607783122,
    "17": 0.996770475927557,
    "18": 0.974447862619955,
    "19": 0.9998427439434577,
    "20": 0.9937538186981042
  },
  "comparison_with_original": {
    "accuracy_delta": 0.003772457684914632,
    "f1_weighted_delta": 0.0038033366086365206,
    "original_accuracy": 0.9919681393992418,
    "original_f1_weighted": 0.9919740437998386
  }
}