{
  "model": "CNN-Transformer",
  "method": "HMM Classification Filter",
  "test_samples": 2743200,
  "n_classes": 18,
  "raw_metrics": {
    "accuracy": 0.9919681393992418,
    "balanced_accuracy": 0.9919681393992418,
    "f1_weighted": 0.9919740437998386,
    "f1_macro": 0.9919740437998387,
    "per_class_f1": {
      "0": 0.97104848836394,
      "1": 0.9996753001833406,
      "2": 0.9999409483691908,
      "4": 0.999917985729517,
      "5": 0.9922714813102671,
      "6": 0.9999540661316465,
      "7": 0.9999147054385125,
      "8": 0.9972563717156866,
      "10": 0.993652173340445,
      "11": 0.9996816655782036,
      "12": 0.9688724530586327,
      "13": 0.9886171531612757,
      "14": 1.0,
      "16": 0.9987596716082925,
      "17": 0.9951837252652239,
      "18": 0.957191075438853,
      "19": 0.9996817741909027,
      "20": 0.993913749513166
    }
  },
  "filtered_metrics": {
    "0.7": {
      "accuracy": 0.9919747010790317,
      "balanced_accuracy": 0.9919747010790319,
      "f1_weighted": 0.9919806125988611,
      "f1_macro": 0.9919806125988612,
      "per_class_f1": {
        "0": 0.97104848836394,
        "1": 0.9996753001833406,
        "2": 0.9999409483691908,
        "4": 0.999917985729517,
        "5": 0.9922714813102671,
        "6": 0.9999540661316465,
        "7": 0.9999147054385125,
        "8": 0.9972563717156866,
        "10": 0.993652173340445,
        "11": 0.9996816655782036,
        "12": 0.968940094288412,
        "13": 0.9886171531612757,
        "14": 1.0,
        "16": 0.9987596716082925,
        "17": 0.9951837252652239,
        "18": 0.9572416725914802,
        "19": 0.9996817741909027,
        "20": 0.993913749513166
      }
    },
    "0.85": {
      "accuracy": 0.9919900116652085,
      "balanced_accuracy": 0.9919900116652087,
      "f1_weighted": 0.9919959518606071,
      "f1_macro": 0.991995951860607,
      "per_class_f1": {
        "0": 0.9711134838802212,
        "1": 0.9996753001833406,
        "2": 0.9999409483691908,
        "4": 0.999917985729517,
        "5": 0.9922714813102671,
        "6": 0.9999540661316465,
        "7": 0.9999147054385125,
        "8": 0.9972563717156866,
        "10": 0.993652173340445,
        "11": 0.9996816655782036,
        "12": 0.9690060211232849,
        "13": 0.9886171531612757,
        "14": 1.0,
        "16": 0.9987596716082925,
        "17": 0.9951837252652239,
        "18": 0.9573470106366723,
        "19": 0.9996817741909027,
        "20": 0.9939535958282452
      }
    },
    "0.95": {
      "accuracy": 0.992066200058326,
      "balanced_accuracy": 0.9920662000583261,
      "f1_weighted": 0.9920710473757206,
      "f1_macro": 0.9920710473757208,
      "per_class_f1": {
        "0": 0.9716421527981528,
        "1": 0.9996753001833406,
        "2": 0.9999409483691908,
        "4": 0.999917985729517,
        "5": 0.9925429027320981,
        "6": 0.9999540661316465,
        "7": 0.9999147054385125,
        "8": 0.9972563717156866,
        "10": 0.9940367666901422,
        "11": 0.9996816655782036,
        "12": 0.9689864340320268,
        "13": 0.9887414035959897,
        "14": 1.0,
        "16": 0.9987596716082925,
        "17": 0.9951837569325956,
        "18": 0.9574093512084291,
        "19": 0.9996817741909027,
        "20": 0.9939535958282452
      }
    }
  },
  "best_stickiness": 0.95,
  "best_improvement": {
    "accuracy_delta": 9.806065908424255e-05,
    "f1_weighted_delta": 9.700357588204866e-05,
    "error_reduction_pct": 1.2208959288335437
  },
  "stickiness_values_tested": [
    0.7,
    0.85,
    0.95
  ]
}