{
  "model": "CNN-Transformer",
  "detector_type": "pluggable",
  "quick_mode": false,
  "simulation": {
    "total_hours": 42,
    "total_samples": 875,
    "faults_tested": [
      1,
      2,
      4,
      5,
      6,
      7,
      8,
      10,
      11,
      12,
      13,
      14,
      16,
      17,
      18,
      19,
      20
    ]
  },
  "overall_metrics": {
    "accuracy": 0.416,
    "balanced_accuracy": 0.26748176748176744,
    "f1_weighted": 0.43680557561997657,
    "f1_macro": 0.18955216071920114,
    "fault_detection_recall": 0.7619047619047619
  }
}