{
  "model": "CNN-Transformer",
  "task": "multiclass",
  "quick_mode": true,
  "train_fraction": 0.01,
  "train_samples": 7956,
  "val_samples": 3978,
  "test_samples": 2743200,
  "best_epoch": 1,
  "best_val_loss": 2.589300855919719,
  "accuracy": 0.5338863371245262,
  "balanced_accuracy": 0.5338863371245262,
  "f1_weighted": 0.46290919294212035,
  "f1_macro": 0.46290919294212046,
  "precision_weighted": 0.44109677797075525,
  "recall_weighted": 0.5338863371245262,
  "per_class_f1": {
    "0": 0.3041516049346943,
    "1": 0.9614626344959418,
    "2": 0.9858520775515749,
    "4": 0.8106479379462967,
    "5": 0.0,
    "6": 0.951870414561268,
    "7": 0.0,
    "8": 0.0,
    "10": 0.28916637417681457,
    "11": 0.9332467620386924,
    "12": 0.4490794604615483,
    "13": 0.0,
    "14": 0.9864333057166529,
    "16": 0.0,
    "17": 0.0,
    "18": 0.7270512446845877,
    "19": 0.9334036563900967,
    "20": 0.0
  },
  "hyperparameters": {
    "sequence_length": 39,
    "conv_filters": 32,
    "kernel_size": 3,
    "nhead": 4,
    "d_model": 32,
    "num_encoder_layers": 1,
    "dim_feedforward": 128,
    "dropout": 0.23972907111136696,
    "learning_rate": 0.0024057445341724394,
    "batch_size": 32
  },
  "epochs_trained": 1,
  "training_time_seconds": 3.5800719261169434,
  "total_runtime_seconds": 138.61826252937317,
  "random_seed": 42
}