{
  "model": "Conv-Autoencoder",
  "dataset": "new_binary_eval",
  "task": "binary",
  "quick_mode": false,
  "num_samples": 1154435,
  "accuracy": 0.7604022747058085,
  "precision": 0.7604022747058085,
  "recall": 1.0,
  "f1_binary": 0.8638960374359707,
  "roc_auc": 0.9809833993763523,
  "threshold": 0.02303786762058735,
  "comparison_with_original": {
    "accuracy_delta": -0.23350559067042775,
    "f1_delta": -0.13253955840045917,
    "original_accuracy": 0.9939078653762362,
    "original_f1": 0.9964355958364298
  }
}