{
  "model": "Conv-Autoencoder",
  "dataset": "new_binary_eval_quick",
  "task": "binary",
  "quick_mode": true,
  "num_samples": 358,
  "accuracy": 0.09497206703910614,
  "precision": 0.09497206703910614,
  "recall": 1.0,
  "f1_binary": 0.17346938775510204,
  "roc_auc": 0.810639070442992,
  "threshold": 0.02303786762058735,
  "comparison_with_original": {
    "accuracy_delta": -0.8989357983371301,
    "f1_delta": -0.8229662080813278,
    "original_accuracy": 0.9939078653762362,
    "original_f1": 0.9964355958364298
  }
}