{
  "model": "LSTM",
  "method": "HMM Classification Filter",
  "test_samples": 2743200,
  "n_classes": 18,
  "raw_metrics": {
    "accuracy": 0.991376494604841,
    "balanced_accuracy": 0.9913764946048411,
    "f1_weighted": 0.9914108190638513,
    "f1_macro": 0.9914108190638513,
    "per_class_f1": {
      "0": 0.9689478213750677,
      "1": 0.9996097324207412,
      "2": 0.999796629294566,
      "4": 0.999580223268749,
      "5": 0.9991706359222824,
      "6": 0.9982766867829084,
      "7": 0.9993737520123545,
      "8": 0.9949072007980468,
      "10": 0.9925461898342717,
      "11": 0.9987056844760979,
      "12": 0.9650006413848512,
      "13": 0.9850057517180564,
      "14": 1.0,
      "16": 0.9972111436277418,
      "17": 0.9963334759569497,
      "18": 0.9582372172261453,
      "19": 0.9989327781590588,
      "20": 0.9937591788914374
    }
  },
  "filtered_metrics": {
    "0.7": {
      "accuracy": 0.9913918051910178,
      "balanced_accuracy": 0.9913918051910178,
      "f1_weighted": 0.9914260557819489,
      "f1_macro": 0.991426055781949,
      "per_class_f1": {
        "0": 0.9689478213750677,
        "1": 0.9996097324207412,
        "2": 0.999796629294566,
        "4": 0.999580223268749,
        "5": 0.9991706359222824,
        "6": 0.9982766867829084,
        "7": 0.9993737520123545,
        "8": 0.9949072007980468,
        "10": 0.9925461898342717,
        "11": 0.9987056844760979,
        "12": 0.965145354232398,
        "13": 0.9850057517180564,
        "14": 1.0,
        "16": 0.9972111436277418,
        "17": 0.9963334759569497,
        "18": 0.9583667653043539,
        "19": 0.9989327781590588,
        "20": 0.9937591788914374
      }
    },
    "0.85": {
      "accuracy": 0.9914173228346457,
      "balanced_accuracy": 0.9914173228346456,
      "f1_weighted": 0.9914509229682671,
      "f1_macro": 0.991450922968267,
      "per_class_f1": {
        "0": 0.9691869605007637,
        "1": 0.9996097324207412,
        "2": 0.999796629294566,
        "4": 0.999580223268749,
        "5": 0.9991706359222824,
        "6": 0.9982766867829084,
        "7": 0.9993737520123545,
        "8": 0.9949072007980468,
        "10": 0.9928027613086489,
        "11": 0.9987056844760979,
        "12": 0.965145354232398,
        "13": 0.9850057517180564,
        "14": 1.0,
        "16": 0.9972111436277418,
        "17": 0.9963334759569497,
        "18": 0.9583150138479264,
        "19": 0.9989327781590588,
        "20": 0.9937628291015174
      }
    },
    "0.95": {
      "accuracy": 0.9914395596383785,
      "balanced_accuracy": 0.9914395596383786,
      "f1_weighted": 0.9914728299518569,
      "f1_macro": 0.9914728299518567,
      "per_class_f1": {
        "0": 0.9691814572070995,
        "1": 0.9996097324207412,
        "2": 0.999796629294566,
        "4": 0.999580223268749,
        "5": 0.9991706359222824,
        "6": 0.9982897694137381,
        "7": 0.9993737520123545,
        "8": 0.9949072007980468,
        "10": 0.9928493812155061,
        "11": 0.9987056844760979,
        "12": 0.9653715874279699,
        "13": 0.9849637266891366,
        "14": 1.0,
        "16": 0.9972111436277418,
        "17": 0.9963302208779165,
        "18": 0.9584741872209006,
        "19": 0.9989327781590588,
        "20": 0.9937628291015174
      }
    }
  },
  "best_stickiness": 0.95,
  "best_improvement": {
    "accuracy_delta": 6.306503353747939e-05,
    "f1_weighted_delta": 6.201088800561472e-05,
    "error_reduction_pct": 0.7313155224890614
  },
  "stickiness_values_tested": [
    0.7,
    0.85,
    0.95
  ]
}