{
  "model": "LSTM-FCN",
  "dataset": "new_multiclass_eval_quick",
  "task": "multiclass",
  "quick_mode": true,
  "num_samples": 72,
  "num_classes": 18,
  "accuracy": 0.7777777777777778,
  "balanced_accuracy": 0.7777777777777778,
  "f1_weighted": 0.7407407407407408,
  "f1_macro": 0.7407407407407408,
  "precision_weighted": 0.7333333333333333,
  "recall_weighted": 0.7777777777777778,
  "per_class_f1": {
    "0": 0.0,
    "1": 1.0,
    "2": 1.0,
    "4": 1.0,
    "5": 1.0,
    "6": 1.0,
    "7": 1.0,
    "8": 1.0,
    "10": 0.3333333333333333,
    "11": 1.0,
    "12": 1.0,
    "13": 0.0,
    "14": 1.0,
    "16": 1.0,
    "17": 0.0,
    "18": 1.0,
    "19": 1.0,
    "20": 0.0
  },
  "comparison_with_original": {
    "accuracy_delta": -0.21590998685939555,
    "f1_weighted_delta": -0.2529675227610957,
    "original_accuracy": 0.9936877646371733,
    "original_f1_weighted": 0.9937082635018365
  }
}