{
  "model": "LSTM",
  "dataset": "new_multiclass_eval",
  "task": "multiclass",
  "quick_mode": false,
  "num_samples": 1875615,
  "num_classes": 18,
  "accuracy": 0.9890558563457853,
  "balanced_accuracy": 0.9879459304620793,
  "f1_weighted": 0.9890160417295211,
  "f1_macro": 0.9888084194792103,
  "precision_weighted": 0.9891836869303602,
  "recall_weighted": 0.9890558563457853,
  "per_class_f1": {
    "0": 0.9241215625390367,
    "1": 0.999834010396191,
    "2": 0.9997597781223384,
    "4": 0.9993232829943199,
    "5": 0.9992971304586987,
    "6": 0.9982733103108041,
    "7": 1.0,
    "8": 0.9956567949508601,
    "10": 0.9686255964919823,
    "11": 0.9981881045122325,
    "12": 0.9981222235562492,
    "13": 0.9909945323946682,
    "14": 1.0,
    "16": 0.9710920770877944,
    "17": 0.9953825078015923,
    "18": 0.9679197189243806,
    "19": 0.998972556323588,
    "20": 0.9929883637610505
  },
  "comparison_with_original": {
    "accuracy_delta": -0.0023210027968219027,
    "f1_weighted_delta": -0.002395174267872724,
    "original_accuracy": 0.9913768591426072,
    "original_f1_weighted": 0.9914112159973938
  }
}