{
  "model": "LSTM",
  "dataset": "new_multiclass_eval",
  "task": "multiclass",
  "quick_mode": false,
  "num_samples": 1866000,
  "num_classes": 18,
  "accuracy": 0.9910771704180065,
  "balanced_accuracy": 0.9919178680646572,
  "f1_weighted": 0.9911433774993785,
  "f1_macro": 0.9919778371990877,
  "precision_weighted": 0.9913640741662001,
  "recall_weighted": 0.9910771704180065,
  "per_class_f1": {
    "0": 0.9377806286080821,
    "1": 1.0,
    "2": 1.0,
    "4": 1.0,
    "5": 0.9980379332897319,
    "6": 1.0,
    "7": 1.0,
    "8": 0.9986910994764397,
    "10": 0.9715762273901809,
    "11": 1.0,
    "12": 0.9967126890203813,
    "13": 0.9986893840104849,
    "14": 1.0,
    "16": 0.990151017728168,
    "17": 0.9772423025435074,
    "18": 1.0,
    "19": 1.0,
    "20": 0.9867197875166003
  },
  "comparison_with_original": {
    "accuracy_delta": -0.0002996887246007329,
    "f1_weighted_delta": -0.0002678384980152604,
    "original_accuracy": 0.9913768591426072,
    "original_f1_weighted": 0.9914112159973938
  }
}