{
  "model": "LSTM-FCN",
  "detector_type": "pluggable",
  "quick_mode": true,
  "simulation": {
    "total_hours": 7.0,
    "total_samples": 151,
    "faults_tested": [
      1,
      2,
      5,
      10,
      17
    ]
  },
  "overall_metrics": {
    "accuracy": 0.31788079470198677,
    "balanced_accuracy": 0.17724116161616163,
    "f1_weighted": 0.39602649006622515,
    "f1_macro": 0.12951388888888887,
    "fault_detection_recall": 0.8727272727272727
  }
}