{
  "model": "LSTM-FCN",
  "task": "multiclass",
  "quick_mode": true,
  "train_fraction": 0.01,
  "train_samples": 7938,
  "val_samples": 3969,
  "test_samples": 2739600,
  "best_epoch": 1,
  "best_val_loss": 2.219558135732003,
  "accuracy": 0.3511669586800993,
  "balanced_accuracy": 0.3511669586800993,
  "f1_weighted": 0.2746752703460372,
  "f1_macro": 0.2746752703460372,
  "precision_weighted": 0.2719208809898913,
  "recall_weighted": 0.3511669586800993,
  "per_class_f1": {
    "0": 0.0,
    "1": 0.9534877164846248,
    "2": 0.9818879731625889,
    "4": 0.0,
    "5": 0.0,
    "6": 0.9922322944882865,
    "7": 0.0,
    "8": 0.0,
    "10": 0.0,
    "11": 0.1868013849868117,
    "12": 0.43163570151175723,
    "13": 0.0,
    "14": 0.8918447768190674,
    "16": 0.0,
    "17": 0.0,
    "18": 0.5062522181201403,
    "19": 1.280065539355615e-05,
    "20": 0.0
  },
  "hyperparameters": {
    "sequence_length": 40,
    "lstm_hidden": 24,
    "lstm_layers": 1,
    "dropout": 0.4365806189303844,
    "learning_rate": 0.0013924522400597294,
    "batch_size": 64
  },
  "epochs_trained": 1,
  "training_time_seconds": 2.55196475982666,
  "total_runtime_seconds": 101.49921774864197,
  "random_seed": 42
}