{
  "model": "LSTM-FCN",
  "dataset": "new_multiclass_eval",
  "task": "multiclass",
  "quick_mode": false,
  "num_samples": 1872915,
  "num_classes": 18,
  "accuracy": 0.9892760749953948,
  "balanced_accuracy": 0.9886261272726612,
  "f1_weighted": 0.9892728868984213,
  "f1_macro": 0.9887155433636491,
  "precision_weighted": 0.9896140002998022,
  "recall_weighted": 0.9892760749953948,
  "per_class_f1": {
    "0": 0.9253475665831185,
    "1": 0.9996413764148138,
    "2": 0.9996763952176461,
    "4": 0.9995975221362825,
    "5": 0.9985715721006627,
    "6": 1.0,
    "7": 0.9999300136473388,
    "8": 0.9951735253411819,
    "10": 0.9498323564578299,
    "11": 0.9996281503322586,
    "12": 0.9992740000673113,
    "13": 0.9898741670179467,
    "14": 1.0,
    "16": 0.9967092434765462,
    "17": 0.995785291060519,
    "18": 0.9556321683679218,
    "19": 0.9985911055883228,
    "20": 0.9936153267359843
  },
  "comparison_with_original": {
    "accuracy_delta": -0.004411689641778516,
    "f1_weighted_delta": -0.004435376603415198,
    "original_accuracy": 0.9936877646371733,
    "original_f1_weighted": 0.9937082635018365
  }
}