{
  "model": "LSTM-FCN",
  "task": "multiclass",
  "quick_mode": false,
  "train_fraction": 1.0,
  "train_samples": 793800,
  "val_samples": 396900,
  "test_samples": 2739600,
  "best_epoch": 12,
  "best_val_loss": 0.03367040966652437,
  "accuracy": 0.9936877646371733,
  "balanced_accuracy": 0.9936877646371732,
  "f1_weighted": 0.9937082635018365,
  "f1_macro": 0.9937082635018365,
  "precision_weighted": 0.99380609963265,
  "recall_weighted": 0.9936877646371733,
  "per_class_f1": {
    "0": 0.9729846122202368,
    "1": 0.9992448915270263,
    "2": 0.9995534189718128,
    "4": 0.9997601847562919,
    "5": 0.9993499629019232,
    "6": 1.0,
    "7": 0.9999835745142163,
    "8": 0.9959893576386603,
    "10": 0.993936917581621,
    "11": 0.9998094311849437,
    "12": 0.9765191716873479,
    "13": 0.9909041349346638,
    "14": 1.0,
    "16": 0.9985993937281772,
    "17": 0.9963748670619961,
    "18": 0.9706742472512212,
    "19": 0.9990738794598287,
    "20": 0.9939906976130906
  },
  "hyperparameters": {
    "sequence_length": 40,
    "lstm_hidden": 24,
    "lstm_layers": 1,
    "dropout": 0.4365806189303844,
    "learning_rate": 0.0013924522400597294,
    "batch_size": 64
  },
  "epochs_trained": 22,
  "training_time_seconds": 1574.029761314392,
  "total_runtime_seconds": 1693.2068004608154,
  "random_seed": 42
}