{
  "model": "LSTM",
  "task": "multiclass",
  "quick_mode": true,
  "train_fraction": 0.01,
  "train_samples": 7956,
  "val_samples": 3978,
  "test_samples": 2743200,
  "best_epoch": 1,
  "best_val_loss": 3.0532879060208797,
  "accuracy": 0.3197703412073491,
  "balanced_accuracy": 0.31977034120734904,
  "f1_weighted": 0.24515956111450213,
  "f1_macro": 0.24515956111450216,
  "precision_weighted": 0.224322729858046,
  "recall_weighted": 0.3197703412073491,
  "per_class_f1": {
    "0": 0.0,
    "1": 0.9474783646672635,
    "2": 0.9727975467961413,
    "4": 0.0,
    "5": 0.0,
    "6": 0.9167396965685269,
    "7": 0.0,
    "8": 0.0,
    "10": 0.0,
    "11": 0.18130375988341202,
    "12": 0.44489431021537507,
    "13": 0.0,
    "14": 0.15280363218293913,
    "16": 0.0,
    "17": 0.0,
    "18": 0.7968547897473801,
    "19": 0.0,
    "20": 0.0
  },
  "hyperparameters": {
    "sequence_length": 39,
    "hidden_size": 32,
    "num_layers": 3,
    "dropout": 0.06622554527615829,
    "learning_rate": 0.0019564132225734407,
    "batch_size": 32
  },
  "epochs_trained": 1,
  "training_time_seconds": 2.9142446517944336,
  "total_runtime_seconds": 100.74099969863892,
  "random_seed": 42
}