{
  "model": "LSTM-Autoencoder",
  "dataset": "new_binary_eval",
  "task": "binary",
  "quick_mode": false,
  "num_samples": 37248,
  "accuracy": 0.9221703178694158,
  "precision": 0.9124360884093563,
  "recall": 0.9690439541645288,
  "f1_binary": 0.9398884442324839,
  "roc_auc": 0.9769925858304515,
  "threshold": 0.7308661937713623,
  "comparison_with_original": {
    "accuracy_delta": -0.04741786087180977,
    "f1_delta": -0.042066645101232925,
    "original_accuracy": 0.9695881787412256,
    "original_f1": 0.9819550893337168
  }
}