{
  "model": "LSTM-FCN",
  "method": "HMM Classification Filter",
  "test_samples": 2739600,
  "n_classes": 18,
  "raw_metrics": {
    "accuracy": 0.993689954737918,
    "balanced_accuracy": 0.993689954737918,
    "f1_weighted": 0.9937104548972181,
    "f1_macro": 0.9937104548972179,
    "per_class_f1": {
      "0": 0.9729844385738252,
      "1": 0.9992448915270263,
      "2": 0.9995534189718128,
      "4": 0.9997634691195795,
      "5": 0.9993499629019232,
      "6": 1.0,
      "7": 0.9999835745142163,
      "8": 0.9959893576386603,
      "10": 0.9939401927671142,
      "11": 0.9998127174695173,
      "12": 0.9765324715051403,
      "13": 0.9909074689591827,
      "14": 1.0,
      "16": 0.9986026861304269,
      "17": 0.9963748670619961,
      "18": 0.9706807822379062,
      "19": 0.9990705983967001,
      "20": 0.9939972903748974
    }
  },
  "filtered_metrics": {
    "0.7": {
      "accuracy": 0.9936943349394072,
      "balanced_accuracy": 0.9936943349394074,
      "f1_weighted": 0.9937147603766416,
      "f1_macro": 0.9937147603766415,
      "per_class_f1": {
        "0": 0.9729844385738252,
        "1": 0.9992448915270263,
        "2": 0.9995534189718128,
        "4": 0.9997634691195795,
        "5": 0.9993499629019232,
        "6": 1.0,
        "7": 0.9999835745142163,
        "8": 0.9959893576386603,
        "10": 0.9939401927671142,
        "11": 0.9998127174695173,
        "12": 0.9765687066418027,
        "13": 0.9909074689591827,
        "14": 1.0,
        "16": 0.9986026861304269,
        "17": 0.9963748670619961,
        "18": 0.9707220457308703,
        "19": 0.9990705983967001,
        "20": 0.9939972903748974
      }
    },
    "0.85": {
      "accuracy": 0.9936852095196379,
      "balanced_accuracy": 0.993685209519638,
      "f1_weighted": 0.9937057675760015,
      "f1_macro": 0.9937057675760013,
      "per_class_f1": {
        "0": 0.9729076468640818,
        "1": 0.9992448915270263,
        "2": 0.9995534189718128,
        "4": 0.9997634691195795,
        "5": 0.9993499629019232,
        "6": 1.0,
        "7": 0.9999835745142163,
        "8": 0.9959893576386603,
        "10": 0.9939401927671142,
        "11": 0.9998127174695173,
        "12": 0.9765687066418027,
        "13": 0.9909074689591827,
        "14": 1.0,
        "16": 0.9986026861304269,
        "17": 0.9963748670619961,
        "18": 0.9706369670290885,
        "19": 0.9990705983967001,
        "20": 0.9939972903748974
      }
    },
    "0.95": {
      "accuracy": 0.993691414805081,
      "balanced_accuracy": 0.9936914148050808,
      "f1_weighted": 0.9937110948778297,
      "f1_macro": 0.9937110948778296,
      "per_class_f1": {
        "0": 0.9729427203952448,
        "1": 0.9992448915270263,
        "2": 0.9995534189718128,
        "4": 0.9997634691195795,
        "5": 0.9993499629019232,
        "6": 1.0,
        "7": 0.9999835745142163,
        "8": 0.9959893576386603,
        "10": 0.9941466917444308,
        "11": 0.9998127174695173,
        "12": 0.9766172280460275,
        "13": 0.9908953360070301,
        "14": 1.0,
        "16": 0.9986026861304269,
        "17": 0.9963715864267041,
        "18": 0.9706970239573395,
        "19": 0.9990705983967001,
        "20": 0.9937584445542923
      }
    }
  },
  "best_stickiness": 0.7,
  "best_improvement": {
    "accuracy_delta": 4.380201489184721e-06,
    "f1_weighted_delta": 4.3054794235386495e-06,
    "error_reduction_pct": 0.06941632440429543
  },
  "stickiness_values_tested": [
    0.7,
    0.85,
    0.95
  ]
}