{
  "model": "LSTM-FCN",
  "dataset": "new_multiclass_eval",
  "task": "multiclass",
  "quick_mode": false,
  "num_samples": 1863300,
  "num_classes": 18,
  "accuracy": 0.9868781194654646,
  "balanced_accuracy": 0.9881160688247301,
  "f1_weighted": 0.9870772851243551,
  "f1_macro": 0.9881506296161228,
  "precision_weighted": 0.9885562894059412,
  "recall_weighted": 0.9868781194654646,
  "per_class_f1": {
    "0": 0.9228630993745657,
    "1": 1.0,
    "2": 1.0,
    "4": 1.0,
    "5": 1.0,
    "6": 1.0,
    "7": 1.0,
    "8": 1.0,
    "10": 0.9117117117117117,
    "11": 1.0,
    "12": 1.0,
    "13": 0.9973718791064389,
    "14": 1.0,
    "16": 0.9934296977660972,
    "17": 0.9785522788203753,
    "18": 0.9967213114754099,
    "19": 0.9986859395532195,
    "20": 0.987375415282392
  },
  "comparison_with_original": {
    "accuracy_delta": -0.006809645171708789,
    "f1_weighted_delta": -0.006630978377481389,
    "original_accuracy": 0.9936877646371733,
    "original_f1_weighted": 0.9937082635018365
  }
}