{
  "model": "LSTM",
  "task": "multiclass",
  "quick_mode": false,
  "train_fraction": 1.0,
  "train_samples": 795600,
  "val_samples": 397800,
  "test_samples": 2743200,
  "best_epoch": 2,
  "best_val_loss": 0.03359848502001117,
  "accuracy": 0.9913768591426072,
  "balanced_accuracy": 0.9913768591426072,
  "f1_weighted": 0.9914112159973938,
  "f1_macro": 0.9914112159973938,
  "precision_weighted": 0.991697757394321,
  "recall_weighted": 0.9913768591426072,
  "per_class_f1": {
    "0": 0.9689385560333149,
    "1": 0.9996097324207412,
    "2": 0.999796629294566,
    "4": 0.999580223268749,
    "5": 0.9991739113331498,
    "6": 0.9982766867829084,
    "7": 0.9993737520123545,
    "8": 0.9949006713787876,
    "10": 0.9925461898342717,
    "11": 0.9987056844760979,
    "12": 0.9650148528220361,
    "13": 0.9849956571610431,
    "14": 1.0,
    "16": 0.9972143933931966,
    "17": 0.9963334759569497,
    "18": 0.9582495147344274,
    "19": 0.9989327781590588,
    "20": 0.9937591788914374
  },
  "hyperparameters": {
    "sequence_length": 39,
    "hidden_size": 32,
    "num_layers": 3,
    "dropout": 0.06622554527615829,
    "learning_rate": 0.0019564132225734407,
    "batch_size": 32
  },
  "epochs_trained": 12,
  "training_time_seconds": 1204.9459824562073,
  "total_runtime_seconds": 1335.1752648353577,
  "random_seed": 42
}