{
  "model": "LSTM-Autoencoder",
  "dataset": "new_binary_eval",
  "task": "binary",
  "quick_mode": false,
  "num_samples": 1157585,
  "accuracy": 0.9393383639214399,
  "precision": 0.9465908314168726,
  "recall": 0.9752653668565457,
  "f1_binary": 0.9607141838127063,
  "roc_auc": 0.9820625485954874,
  "threshold": 0.7308661937713623,
  "comparison_with_original": {
    "accuracy_delta": -0.030249814819785725,
    "f1_delta": -0.021240905521010434,
    "original_accuracy": 0.9695881787412256,
    "original_f1": 0.9819550893337168
  }
}