Model,Task,Accuracy,F1 (Weighted),Precision,Recall,Training Time (s)
XGBoost,Multiclass,0.93913125,0.9416185125082206,0.9483552183269758,0.93913125,2399.4729042053223
LSTM,Multiclass,0.9913768591426072,0.9914112159973938,0.991697757394321,0.9913768591426072,1204.9459824562073
LSTM-FCN,Multiclass,0.9936877646371733,0.9937082635018365,0.99380609963265,0.9936877646371733,1574.029761314392
CNN-Transformer,Multiclass,0.9919681393992418,0.9919740437998386,0.9921100178887403,0.9919681393992418,4053.3425035476685
TransKal,Multiclass,0.9908508541392904,0.9908737376959635,0.9910079292725458,0.9908508541392904,1913.790403842926
LSTM-AE,Binary,0.9695881787412256,0.9704890246669247,0.9954939110760427,0.9687795852285869,707.1741647720337
Conv-AE,Binary,0.9939078653762362,0.9938990752260936,0.995846303982607,0.9970255855298755,56.46490740776062
