Model,Accuracy,Balanced Acc,F1 (Weighted),F1 (Macro),Precision,Recall,Training Time (s)
XGBoost,0.93913125,0.9391312500000001,0.9416185125082206,0.9416185125082206,0.9483552183269758,0.93913125,2399.4729042053223
LSTM,0.9913768591426072,0.9913768591426072,0.9914112159973938,0.9914112159973938,0.991697757394321,0.9913768591426072,1204.9459824562073
LSTM-FCN,0.9936877646371733,0.9936877646371732,0.9937082635018365,0.9937082635018365,0.99380609963265,0.9936877646371733,1574.029761314392
CNN-Transformer,0.9919681393992418,0.9919681393992418,0.9919740437998386,0.9919740437998387,0.9921100178887403,0.9919681393992418,4053.3425035476685
TransKal,0.9908508541392904,0.9908508541392903,0.9908737376959635,0.9908737376959633,0.9910079292725458,0.9908508541392904,1913.790403842926
