Model,Accuracy,Balanced Acc,F1 (Weighted),F1 (Macro),Precision,Recall,Training Time (s)
XGBoost,0.8655263888888889,0.865526388888889,0.8687170481177915,0.8687170481177917,0.8764751072868018,0.8655263888888889,15.318591356277466
LSTM,0.3197703412073491,0.31977034120734904,0.24515956111450213,0.24515956111450216,0.224322729858046,0.3197703412073491,2.9142446517944336
LSTM-FCN,0.3511669586800993,0.3511669586800993,0.2746752703460372,0.2746752703460372,0.2719208809898913,0.3511669586800993,2.55196475982666
CNN-Transformer,0.5338863371245262,0.5338863371245262,0.46290919294212035,0.46290919294212046,0.44109677797075525,0.5338863371245262,3.5800719261169434
TransKal,0.32134326179004236,0.32134326179004236,0.23536888681133075,0.23536888681133078,0.2305096798508323,0.32134326179004236,3.175523042678833
