Model,Task,Accuracy,F1 (Weighted),Precision,Recall,Training Time (s)
XGBoost,Multiclass,0.8655263888888889,0.8687170481177915,0.8764751072868018,0.8655263888888889,15.318591356277466
LSTM,Multiclass,0.3197703412073491,0.24515956111450213,0.224322729858046,0.3197703412073491,2.9142446517944336
LSTM-FCN,Multiclass,0.3511669586800993,0.2746752703460372,0.2719208809898913,0.3511669586800993,2.55196475982666
CNN-Transformer,Multiclass,0.5338863371245262,0.46290919294212035,0.44109677797075525,0.5338863371245262,3.5800719261169434
TransKal,Multiclass,0.32134326179004236,0.23536888681133075,0.2305096798508323,0.32134326179004236,3.175523042678833
LSTM-AE,Binary,0.8990056762060291,0.8921804012060963,0.9212551674961179,0.9641708426489862,1.85923171043396
Conv-AE,Binary,0.905817500033009,0.8927554370536674,0.911063272369889,0.9859751101491845,1.98822021484375
