Model,Accuracy,Balanced Acc,F1 (weighted),F1 (macro),Orig Accuracy,Delta
CNN-Transformer,0.9957405970841564,0.9944307623569303,0.9957773804084751,0.9952786847851675,0.9919681393992418,0.003772457684914632
LSTM-FCN,0.9892760749953948,0.9886261272726612,0.9892728868984213,0.9887155433636491,0.9936877646371733,-0.004411689641778516
LSTM,0.9890558563457853,0.9879459304620793,0.9890160417295211,0.9888084194792103,0.9913768591426072,-0.0023210027968219027
XGBoost,0.8939902892253875,0.8959871253681757,0.8973278003706763,0.9006874076216432,0.93913125,-0.04514096077461249
TransKal,0.8756878982762165,0.8842617359074451,0.8483691867472735,0.8602652246383561,0.9908508541392904,-0.1151629558630739
