Model,Accuracy,Balanced Acc,F1 (weighted),F1 (macro),Orig Accuracy,Delta
CNN-Transformer,0.9949356913183279,0.9954128440366973,0.9949669346424644,0.9954411436545985,0.9919681393992418,0.0029675519190861532
LSTM,0.9910771704180065,0.9919178680646572,0.9911433774993785,0.9919778371990877,0.9913768591426072,-0.0002996887246007329
LSTM-FCN,0.9868781194654646,0.9881160688247301,0.9870772851243551,0.9881506296161228,0.9936877646371733,-0.006809645171708789
XGBoost,0.8868485217921366,0.888623943970337,0.8908970206996131,0.8925109623633374,0.93913125,-0.052282728207863394
TransKal,0.8720817903719208,0.8821017712698195,0.8403081703859118,0.8543256771767783,0.9908508541392904,-0.11876906376736962
