{
  "model": "TransKal",
  "dataset": "new_multiclass_eval",
  "task": "multiclass",
  "quick_mode": false,
  "num_samples": 1863300,
  "num_classes": 18,
  "accuracy": 0.8720817903719208,
  "balanced_accuracy": 0.8821017712698194,
  "f1_weighted": 0.8402949610659417,
  "f1_macro": 0.8543137140554113,
  "precision_weighted": 0.8724572166682796,
  "recall_weighted": 0.8720817903719208,
  "raw_accuracy": 0.8720817903719208,
  "raw_f1_weighted": 0.8403081703859118,
  "kalman_improvement_accuracy": 0.0,
  "kalman_improvement_f1": -1.320931997006447e-05,
  "per_class_f1": {
    "0": 0.0,
    "1": 0.9980276134122288,
    "2": 0.9934640522875817,
    "4": 0.17703349282296652,
    "5": 0.996078431372549,
    "6": 1.0,
    "7": 1.0,
    "8": 0.9641943734015346,
    "10": 0.5657015590200446,
    "11": 1.0,
    "12": 0.9197344598672299,
    "13": 0.8882387361029842,
    "14": 1.0,
    "16": 0.9960474308300395,
    "17": 0.9737373737373738,
    "18": 0.9764309764309764,
    "19": 0.9887193098871931,
    "20": 0.9402390438247012
  },
  "comparison_with_original": {
    "accuracy_delta": -0.11876906376736962,
    "f1_weighted_delta": -0.15057877663002184,
    "original_accuracy": 0.9908508541392904,
    "original_f1_weighted": 0.9908737376959635
  }
}