{
  "model": "TransKal",
  "dataset": "new_multiclass_eval_quick",
  "task": "multiclass",
  "quick_mode": true,
  "num_samples": 72,
  "num_classes": 18,
  "accuracy": 0.5555555555555556,
  "balanced_accuracy": 0.5555555555555556,
  "f1_weighted": 0.48395061728395067,
  "f1_macro": 0.48395061728395067,
  "precision_weighted": 0.46886446886446886,
  "recall_weighted": 0.5555555555555556,
  "per_class_f1": {
    "0": 0.0,
    "1": 0.0,
    "2": 0.0,
    "4": 0.0,
    "5": 1.0,
    "6": 1.0,
    "7": 1.0,
    "8": 0.4444444444444444,
    "10": 0.26666666666666666,
    "11": 1.0,
    "12": 1.0,
    "13": 0.0,
    "14": 1.0,
    "16": 1.0,
    "17": 0.0,
    "18": 0.0,
    "19": 1.0,
    "20": 0.0
  },
  "comparison_with_original": {
    "accuracy_delta": -0.43529529858373484,
    "f1_weighted_delta": -0.5069231204120128,
    "original_accuracy": 0.9908508541392904,
    "original_f1_weighted": 0.9908737376959635
  }
}