{
  "model": "TransKal",
  "method": "HMM Classification Filter",
  "test_samples": 2739600,
  "n_classes": 18,
  "raw_metrics": {
    "accuracy": 0.9907898963352314,
    "balanced_accuracy": 0.9907898963352313,
    "f1_weighted": 0.9908116642931402,
    "f1_macro": 0.9908116642931402,
    "per_class_f1": {
      "0": 0.9708550361794038,
      "1": 0.9987203632855821,
      "2": 0.9989728039171286,
      "4": 0.9999934297409346,
      "5": 0.9993335587633739,
      "6": 0.9991597079985295,
      "7": 0.998969525522293,
      "8": 0.9958139718562007,
      "10": 0.9924421413491638,
      "11": 0.999674792474895,
      "12": 0.9587615248461152,
      "13": 0.9844329872887703,
      "14": 1.0,
      "16": 0.9991224524004377,
      "17": 0.9948456490633686,
      "18": 0.9498242899478115,
      "19": 0.9995960445204917,
      "20": 0.994091678122026
    }
  },
  "filtered_metrics": {
    "0.7": {
      "accuracy": 0.9908063220908162,
      "balanced_accuracy": 0.9908063220908162,
      "f1_weighted": 0.990828104816234,
      "f1_macro": 0.990828104816234,
      "per_class_f1": {
        "0": 0.9708550361794038,
        "1": 0.9987203632855821,
        "2": 0.9989728039171286,
        "4": 0.9999934297409346,
        "5": 0.9993335587633739,
        "6": 0.9991597079985295,
        "7": 0.998969525522293,
        "8": 0.9958139718562007,
        "10": 0.9924421413491638,
        "11": 0.999674792474895,
        "12": 0.9589042000600999,
        "13": 0.9844329872887703,
        "14": 1.0,
        "16": 0.9991224524004377,
        "17": 0.9948456490633686,
        "18": 0.9499775441495133,
        "19": 0.9995960445204917,
        "20": 0.994091678122026
      }
    },
    "0.85": {
      "accuracy": 0.9908300481822164,
      "balanced_accuracy": 0.9908300481822163,
      "f1_weighted": 0.9908514244943079,
      "f1_macro": 0.990851424494308,
      "per_class_f1": {
        "0": 0.9710635003407116,
        "1": 0.9987203632855821,
        "2": 0.9989728039171286,
        "4": 0.9999934297409346,
        "5": 0.9993335587633739,
        "6": 0.9991597079985295,
        "7": 0.998969525522293,
        "8": 0.9958139718562007,
        "10": 0.992805517423879,
        "11": 0.999674792474895,
        "12": 0.9588970527532403,
        "13": 0.9844329872887703,
        "14": 1.0,
        "16": 0.9991224524004377,
        "17": 0.9948456490633686,
        "18": 0.949825957561177,
        "19": 0.9995960445204917,
        "20": 0.9940983259865313
      }
    },
    "0.95": {
      "accuracy": 0.9908271280478902,
      "balanced_accuracy": 0.9908271280478902,
      "f1_weighted": 0.9908484398558567,
      "f1_macro": 0.9908484398558566,
      "per_class_f1": {
        "0": 0.9710263629383158,
        "1": 0.9987203632855821,
        "2": 0.9989728039171286,
        "4": 0.9999934297409346,
        "5": 0.9993335587633739,
        "6": 0.9991597079985295,
        "7": 0.998969525522293,
        "8": 0.9958139718562007,
        "10": 0.992805517423879,
        "11": 0.999674792474895,
        "12": 0.9589091761691054,
        "13": 0.9843783280085197,
        "14": 1.0,
        "16": 0.9991224524004377,
        "17": 0.9948488197679008,
        "18": 0.9498487366313009,
        "19": 0.9995960445204917,
        "20": 0.9940983259865313
      }
    }
  },
  "best_stickiness": 0.85,
  "best_improvement": {
    "accuracy_delta": 4.015184698502594e-05,
    "f1_weighted_delta": 3.976020116769341e-05,
    "error_reduction_pct": 0.4359543436912526
  },
  "stickiness_values_tested": [
    0.7,
    0.85,
    0.95
  ]
}