{
  "model": "TransKal",
  "task": "multiclass",
  "quick_mode": true,
  "train_fraction": 0.01,
  "train_samples": 7938,
  "val_samples": 3969,
  "test_samples": 2739600,
  "best_epoch": 1,
  "best_val_loss": 2.533456985912626,
  "accuracy": 0.32134326179004236,
  "balanced_accuracy": 0.32134326179004236,
  "f1_weighted": 0.23536888681133075,
  "f1_macro": 0.23536888681133078,
  "precision_weighted": 0.2305096798508323,
  "recall_weighted": 0.32134326179004236,
  "raw_accuracy": 0.31631004526208206,
  "raw_f1_weighted": 0.23254792345884695,
  "kalman_improvement_accuracy": 0.005033216527960294,
  "kalman_improvement_f1": 0.002820963352483802,
  "per_class_f1": {
    "0": 0.0,
    "1": 0.866182734963449,
    "2": 0.9563124993992368,
    "4": 0.0,
    "5": 0.0,
    "6": 0.9071511163561373,
    "7": 0.0,
    "8": 0.0,
    "10": 0.0,
    "11": 0.19032534908328158,
    "12": 0.3901335691348257,
    "13": 0.0,
    "14": 0.45167285968086707,
    "16": 0.0,
    "17": 0.0,
    "18": 0.47486183398615656,
    "19": 0.0,
    "20": 0.0
  },
  "hyperparameters": {
    "sequence_length": 40,
    "nhead": 4,
    "d_model": 32,
    "num_layers": 2,
    "dropout": 0.19500665626358132,
    "learning_rate": 0.0004276034493703387,
    "batch_size": 64,
    "kalman_Q": 5.0369063680311206e-05,
    "kalman_R": 0.022250707355345557
  },
  "epochs_trained": 1,
  "training_time_seconds": 3.175523042678833,
  "total_runtime_seconds": 394.61704897880554,
  "random_seed": 42
}