{
  "model": "TransKal",
  "task": "multiclass",
  "quick_mode": false,
  "train_fraction": 1.0,
  "train_samples": 793800,
  "val_samples": 396900,
  "test_samples": 2739600,
  "best_epoch": 9,
  "best_val_loss": 0.03520064761460856,
  "accuracy": 0.9908508541392904,
  "balanced_accuracy": 0.9908508541392903,
  "f1_weighted": 0.9908737376959635,
  "f1_macro": 0.9908737376959633,
  "precision_weighted": 0.9910079292725458,
  "recall_weighted": 0.9908508541392904,
  "raw_accuracy": 0.9907898963352314,
  "raw_f1_weighted": 0.9908116642931402,
  "kalman_improvement_accuracy": 6.095780405901419e-05,
  "kalman_improvement_f1": 6.207340282338158e-05,
  "per_class_f1": {
    "0": 0.9706694801457894,
    "1": 0.9987170863751949,
    "2": 0.998982639230744,
    "4": 0.9999934297409346,
    "5": 0.999379491708499,
    "6": 0.9991334716277604,
    "7": 0.9989728039171286,
    "8": 0.9958270805360293,
    "10": 0.9924022819626998,
    "11": 0.9996682226259029,
    "12": 0.959289381016246,
    "13": 0.9844296070456194,
    "14": 1.0,
    "16": 0.9991224408633604,
    "17": 0.9949828429679198,
    "18": 0.9504793483745405,
    "19": 0.9995993273954967,
    "20": 0.994078342993477
  },
  "hyperparameters": {
    "sequence_length": 40,
    "nhead": 4,
    "d_model": 32,
    "num_layers": 2,
    "dropout": 0.19500665626358132,
    "learning_rate": 0.0004276034493703387,
    "batch_size": 64,
    "kalman_Q": 5.0369063680311206e-05,
    "kalman_R": 0.022250707355345557
  },
  "epochs_trained": 19,
  "training_time_seconds": 1913.790403842926,
  "total_runtime_seconds": 2339.383220911026,
  "random_seed": 42
}