{
  "model": "TransKal",
  "dataset": "new_multiclass_eval",
  "task": "multiclass",
  "quick_mode": false,
  "num_samples": 1872915,
  "num_classes": 18,
  "accuracy": 0.8756878982762165,
  "balanced_accuracy": 0.8842617359074451,
  "f1_weighted": 0.8483691867472735,
  "f1_macro": 0.8602652246383561,
  "precision_weighted": 0.8789722867853818,
  "recall_weighted": 0.8756878982762165,
  "raw_accuracy": 0.8753627366965399,
  "raw_f1_weighted": 0.8476111402741774,
  "kalman_improvement_accuracy": 0.00032516157967665826,
  "kalman_improvement_f1": 0.0007580464730960745,
  "per_class_f1": {
    "0": 0.0,
    "1": 0.9983857773422633,
    "2": 0.998559803187694,
    "4": 0.24468893717321705,
    "5": 0.9953835165409474,
    "6": 1.0,
    "7": 0.9999956255659425,
    "8": 0.9663559841875682,
    "10": 0.5509910335632605,
    "11": 0.9930755356121596,
    "12": 0.9466048595679575,
    "13": 0.8977524249723325,
    "14": 1.0,
    "16": 0.9931411688151809,
    "17": 0.9939974299846855,
    "18": 0.9608406304728546,
    "19": 0.9878262869069571,
    "20": 0.9571750295973865
  },
  "comparison_with_original": {
    "accuracy_delta": -0.1151629558630739,
    "f1_weighted_delta": -0.14250455094869008,
    "original_accuracy": 0.9908508541392904,
    "original_f1_weighted": 0.9908737376959635
  }
}