{
  "model": "XGBoost",
  "method": "HMM Classification Filter",
  "test_samples": 2880000,
  "n_classes": 18,
  "raw_metrics": {
    "accuracy": 0.93913125,
    "balanced_accuracy": 0.9391312500000001,
    "f1_weighted": 0.9416185125082206,
    "f1_macro": 0.9416185125082206,
    "precision_weighted": 0.9483552183269758,
    "recall_weighted": 0.93913125,
    "per_class_f1": {
      "0": 0.7354541025854605,
      "1": 0.993899095361495,
      "2": 0.9925647987530483,
      "4": 0.9672472629470111,
      "5": 0.9914728876730207,
      "6": 0.999987499843748,
      "7": 0.9999718743847522,
      "8": 0.9571808154760767,
      "10": 0.8679504124983557,
      "11": 0.8949007777146551,
      "12": 0.9378013756636906,
      "13": 0.9493601166369674,
      "14": 0.9878299579910966,
      "16": 0.8945371141224577,
      "17": 0.9574603012737372,
      "18": 0.9470973648822637,
      "19": 0.9421937398386817,
      "20": 0.9322237275014515
    }
  },
  "filtered_metrics": {
    "0.7": {
      "accuracy": 0.94875,
      "balanced_accuracy": 0.9487499999999999,
      "f1_weighted": 0.9502495721141838,
      "f1_macro": 0.9502495721141838,
      "precision_weighted": 0.95396069782777,
      "recall_weighted": 0.94875,
      "per_class_f1": {
        "0": 0.7749257131803357,
        "1": 0.993899095361495,
        "2": 0.9925647987530483,
        "4": 0.9790725053662234,
        "5": 0.9914728876730207,
        "6": 0.999987499843748,
        "7": 0.9999718743847522,
        "8": 0.9571808154760767,
        "10": 0.8843276170297292,
        "11": 0.9245012939656017,
        "12": 0.9399046402193898,
        "13": 0.9492625483375761,
        "14": 0.9878299579910966,
        "16": 0.9187292672566142,
        "17": 0.959155453409752,
        "18": 0.9488825934411915,
        "19": 0.9622905373629366,
        "20": 0.9405331990027227
      }
    },
    "0.85": {
      "accuracy": 0.9538638888888888,
      "balanced_accuracy": 0.953863888888889,
      "f1_weighted": 0.9555293779034327,
      "f1_macro": 0.9555293779034328,
      "precision_weighted": 0.9603740210684765,
      "recall_weighted": 0.9538638888888888,
      "per_class_f1": {
        "0": 0.7910137636894812,
        "1": 0.993899095361495,
        "2": 0.9925278868813826,
        "4": 0.9822404118594789,
        "5": 0.991697460344325,
        "6": 0.999987499843748,
        "7": 0.9999718743847522,
        "8": 0.9603088783441678,
        "10": 0.8928769353056112,
        "11": 0.933710394851693,
        "12": 0.9467682634411467,
        "13": 0.952342576414991,
        "14": 0.9942065098894253,
        "16": 0.9258053976344508,
        "17": 0.9653879259313775,
        "18": 0.9500940450843541,
        "19": 0.9796851859952135,
        "20": 0.947004697004697
      }
    },
    "0.95": {
      "accuracy": 0.9590253472222222,
      "balanced_accuracy": 0.9590253472222222,
      "f1_weighted": 0.9606392112791312,
      "f1_macro": 0.9606392112791311,
      "precision_weighted": 0.9652466351662041,
      "recall_weighted": 0.9590253472222222,
      "per_class_f1": {
        "0": 0.8013324924569727,
        "1": 0.9939075985784397,
        "2": 0.9925185308543831,
        "4": 0.9826125064038072,
        "5": 0.9917917051038274,
        "6": 0.999987499843748,
        "7": 0.9999718743847522,
        "8": 0.9618834864455199,
        "10": 0.9050295294341779,
        "11": 0.9520220078986193,
        "12": 0.9483939574015575,
        "13": 0.9532416477582651,
        "14": 0.9974969141107171,
        "16": 0.9421680195750961,
        "17": 0.9722836512417867,
        "18": 0.9503519468452071,
        "19": 0.9912346951886405,
        "20": 0.9552777394988415
      }
    }
  },
  "best_stickiness": 0.95,
  "best_improvement": {
    "accuracy_delta": 0.01989409722222224,
    "f1_weighted_delta": 0.019020698770910616,
    "error_reduction_pct": 32.683597448973785
  },
  "stickiness_values_tested": [
    0.7,
    0.85,
    0.95
  ]
}