{
  "model": "XGBoost",
  "task": "multiclass",
  "quick_mode": true,
  "train_fraction": 0.01,
  "train_samples": 8640,
  "val_samples": 4320,
  "test_samples": 2880000,
  "best_iteration": 79,
  "accuracy": 0.8655263888888889,
  "balanced_accuracy": 0.865526388888889,
  "f1_weighted": 0.8687170481177915,
  "f1_macro": 0.8687170481177917,
  "precision_weighted": 0.8764751072868018,
  "recall_weighted": 0.8655263888888889,
  "per_class_f1": {
    "0": 0.5813404177756915,
    "1": 0.983388642089391,
    "2": 0.9861121993875702,
    "4": 0.9476420507294682,
    "5": 0.9732731066254545,
    "6": 0.9998718729980156,
    "7": 0.9983464771210573,
    "8": 0.8728302123625457,
    "10": 0.7102061435275071,
    "11": 0.8237017143722252,
    "12": 0.8106781999641132,
    "13": 0.8669180056853693,
    "14": 0.9754321142284569,
    "16": 0.6864557271208931,
    "17": 0.9253369067785897,
    "18": 0.9043809261886755,
    "19": 0.8033896446870737,
    "20": 0.7876025044781515
  },
  "hyperparameters": {
    "n_estimators": 499,
    "max_depth": 6,
    "learning_rate": 0.19577281917580747,
    "subsample": 0.9669001079522812,
    "colsample_bytree": 0.8412714911551206,
    "min_child_weight": 8,
    "gamma": 0.5635598310188895,
    "reg_alpha": 0.3293109960325205,
    "reg_lambda": 0.06309550078956783
  },
  "training_time_seconds": 15.318591356277466,
  "total_runtime_seconds": 39.189332485198975,
  "random_seed": 42
}