{
  "model": "XGBoost",
  "task": "multiclass",
  "quick_mode": false,
  "train_fraction": 1.0,
  "train_samples": 864000,
  "val_samples": 432000,
  "test_samples": 2880000,
  "best_iteration": 498,
  "accuracy": 0.93913125,
  "balanced_accuracy": 0.9391312500000001,
  "f1_weighted": 0.9416185125082206,
  "f1_macro": 0.9416185125082206,
  "precision_weighted": 0.9483552183269758,
  "recall_weighted": 0.93913125,
  "per_class_f1": {
    "0": 0.7354541025854605,
    "1": 0.993899095361495,
    "2": 0.9925647987530483,
    "4": 0.9672472629470111,
    "5": 0.9914728876730207,
    "6": 0.999987499843748,
    "7": 0.9999718743847522,
    "8": 0.9571808154760767,
    "10": 0.8679504124983557,
    "11": 0.8949007777146551,
    "12": 0.9378013756636906,
    "13": 0.9493601166369674,
    "14": 0.9878299579910966,
    "16": 0.8945371141224577,
    "17": 0.9574603012737372,
    "18": 0.9470973648822637,
    "19": 0.9421937398386817,
    "20": 0.9322237275014515
  },
  "hyperparameters": {
    "n_estimators": 499,
    "max_depth": 6,
    "learning_rate": 0.19577281917580747,
    "subsample": 0.9669001079522812,
    "colsample_bytree": 0.8412714911551206,
    "min_child_weight": 8,
    "gamma": 0.5635598310188895,
    "reg_alpha": 0.3293109960325205,
    "reg_lambda": 0.06309550078956783
  },
  "training_time_seconds": 2399.4729042053223,
  "total_runtime_seconds": 2432.9092416763306,
  "random_seed": 42
}