{
  "model": "XGBoost",
  "dataset": "new_multiclass_eval",
  "task": "multiclass",
  "quick_mode": false,
  "num_samples": 1978215,
  "num_classes": 18,
  "accuracy": 0.8939902892253875,
  "balanced_accuracy": 0.8959871253681757,
  "f1_weighted": 0.8973278003706763,
  "f1_macro": 0.9006874076216432,
  "precision_weighted": 0.9045356608886603,
  "recall_weighted": 0.8939902892253875,
  "per_class_f1": {
    "0": 0.6226593296794262,
    "1": 0.9930008602761236,
    "2": 0.991905529616214,
    "4": 0.95347577888284,
    "5": 0.7805584896451001,
    "6": 0.9954781631793288,
    "7": 0.9992920501395077,
    "8": 0.9492192659182412,
    "10": 0.8314258332445958,
    "11": 0.8782426686055479,
    "12": 0.9078934530198068,
    "13": 0.9416760841926826,
    "14": 0.9758786868460357,
    "16": 0.8829004857662351,
    "17": 0.9418413472657318,
    "18": 0.8547261799688984,
    "19": 0.9181031723337331,
    "20": 0.7940959586095289
  },
  "comparison_with_original": {
    "accuracy_delta": -0.04514096077461249,
    "f1_weighted_delta": -0.04429071213754432,
    "original_accuracy": 0.93913125,
    "original_f1_weighted": 0.9416185125082206
  }
}