{
  "model": "XGBoost",
  "dataset": "new_multiclass_eval_quick",
  "task": "multiclass",
  "quick_mode": true,
  "num_samples": 1476,
  "num_classes": 18,
  "accuracy": 0.6436314363143631,
  "balanced_accuracy": 0.6436314363143631,
  "f1_weighted": 0.6488673635656922,
  "f1_macro": 0.6488673635656923,
  "precision_weighted": 0.7548610891842757,
  "recall_weighted": 0.6436314363143631,
  "per_class_f1": {
    "0": 0.2564102564102564,
    "1": 0.8888888888888888,
    "2": 0.8947368421052632,
    "4": 0.8351648351648352,
    "5": 0.6846846846846847,
    "6": 0.9876543209876543,
    "7": 0.9876543209876543,
    "8": 0.6349206349206349,
    "10": 0.8648648648648649,
    "11": 0.5205479452054794,
    "12": 0.8108108108108109,
    "13": 0.20833333333333334,
    "14": 0.9066666666666666,
    "16": 0.8285714285714286,
    "17": 0.0,
    "18": 0.2553191489361702,
    "19": 0.95,
    "20": 0.1643835616438356
  },
  "comparison_with_original": {
    "accuracy_delta": -0.2954998136856368,
    "f1_weighted_delta": -0.2927511489425284,
    "original_accuracy": 0.93913125,
    "original_f1_weighted": 0.9416185125082206
  }
}