{
  "model": "XGBoost",
  "dataset": "new_multiclass_eval",
  "task": "multiclass",
  "quick_mode": false,
  "num_samples": 1968600,
  "num_classes": 18,
  "accuracy": 0.8868485217921366,
  "balanced_accuracy": 0.888623943970337,
  "f1_weighted": 0.8908970206996131,
  "f1_macro": 0.8925109623633374,
  "precision_weighted": 0.8995011361322991,
  "recall_weighted": 0.8868485217921366,
  "per_class_f1": {
    "0": 0.5893048128342246,
    "1": 0.9943785134291068,
    "2": 0.9949874686716792,
    "4": 0.9467889908256881,
    "5": 0.784845914616907,
    "6": 0.9957081545064378,
    "7": 0.9993753903810119,
    "8": 0.9363579080025205,
    "10": 0.793733681462141,
    "11": 0.8622516556291391,
    "12": 0.945617402431222,
    "13": 0.9441558441558442,
    "14": 0.9744897959183674,
    "16": 0.8716216216216216,
    "17": 0.9184134150274105,
    "18": 0.8115183246073299,
    "19": 0.9166127989657401,
    "20": 0.7850356294536817
  },
  "comparison_with_original": {
    "accuracy_delta": -0.052282728207863394,
    "f1_weighted_delta": -0.05072149180860752,
    "original_accuracy": 0.93913125,
    "original_f1_weighted": 0.9416185125082206
  }
}